날짜,번호,뉴스 제목
2023.10.01,1,"내년 올림픽 개최지 파리 '빈대와 전쟁' 선포...""누구도 안전하지 않아..."
2023.10.01,2,[오늘의 운세] 2023년 10월 01일 일요일
2023.10.01,3,"佛, 병원·영화관·지하철 등 '빈대' 대량 발생해 골치...관광대국 구제..."
2023.10.01,4,"[초점] 2024년 하계올림픽 개최 앞둔 佛, '빈대' 창궐로 초비상"
2023.10.01,5,이 ‘벌레’ 잡겠다고 정부 회의까지…내년 파리올림픽 앞두고 비상
2023.10.01,6,파리올림픽 내년인데…'이 벌레' 기승에 프랑스 정부까지 나섰다
2023.10.01,7,"""지하철·기차·호텔·영화관에서도 봤어요""…'빈대' 기승에 비상 걸린..."
2023.10.01,8,"""누구도 안전하지 않다"" 이 벌레 몸살…올림픽 앞둔 프랑스 비상"
2023.10.02,1,기차 좌석 앉았다 '화들짝'…프랑스는 빈대와의 전쟁 중
2023.10.02,2,"[인터뷰] 홍석준 ""민생 품는 규제개혁으로 국민께 의미있는 일 해야"""
2023.10.02,3,프랑스 파리 ‘빈대의 습격’…올림픽 개최 앞두고 ‘초비상’
2023.10.03,1,10월 3일 오늘의 운세-띠별
2023.10.03,2,[fn사설] 기업 줄도산 위기에 기촉법 연장 나 몰라 안 돼
2023.10.04,1,"프랑스, 2024 올림픽 앞두고 '빈대와의 전쟁'…기차서도 출몰"
2023.10.04,2,[포토] '빈대와의 전쟁' 벌이는 프랑스 파리
2023.10.04,3,파리올림픽 앞두고 '빈대 습격'에 프랑스 '패닉'
2023.10.04,4,파리 올림픽 앞두고 '빈대 습격'에 프랑스 '패닉'
2023.10.04,5,"프랑스 파리, 빈대 때문에 `국가 비상사태` 수준?...내년 올림픽 앞두고..."
2023.10.04,6,영화관 지하철에도…'빈대 습격' 프랑스 패닉
2023.10.04,7,파리 올림픽 앞두고 ‘빈대 습격’에 프랑스 ‘패닉’
2023.10.04,8,"올림픽 치르는 파리 호텔, 열차, 극장 좌석에 빈대…“서 있는 게 나아..."
2023.10.04,9,"파리 올림픽 '빌런' 등장...""10명 중 1명이 경험"""
2023.10.04,10,프랑스 파리에 왜 '빈대'가?…내년 올림픽 앞두고 비상
2023.10.04,11,"파리올림픽 코앞인데...프랑스, 곳곳서 출몰하는 ‘빈대와의 전쟁’"
2023.10.04,12,파리 올림픽 앞두고 '빈대 습격'에 프랑스 '패닉'
2023.10.04,13,"내년 파리올림픽 앞둔 프랑스, ‘빈대와의 전쟁’에 비상"
2023.10.04,14,[오늘의 운세] 2023년 10월 05일 목요일
2023.10.04,15,[영상] 파리올림픽 앞두고 곳곳에서 '빈대 습격'…프랑스 초비상
2023.10.04,16,올림픽 앞둔 파리 '빈대 습격'..프랑스 고민
2023.10.04,17,"프랑스 파리, 2024년 올림픽 개최 앞두고 '빈대 패닉'에 빠져"
2023.10.04,18,고양이가 내는 소리 '가르릉' 뇌 활동과는 무관
2023.10.04,19,올림픽 1년 앞둔 파리 ‘빈대와의 전쟁’
2023.10.05,1,"올림픽 내년인데… 佛, 빈대와 전쟁중"
2023.10.05,2,"[토마토레터 제269호] 탕후루 열풍, 과연 계속될까?"
2023.10.05,3,내년 파리 올림픽 앞두고 ‘빈대 습격’에 프랑스 비상 [잇슈 SNS]
2023.10.05,4,프랑스는 어쩌다 ‘빈대’의 나라가 되었나…호텔·지하철·공항까지 [...
2023.10.05,5,"올림픽 앞둔 프랑스, 탐지견 투입해 열차 내 빈대 조사한다"
2023.10.05,6,"프랑스 파리, 열차에 탐지견까지 투입…대대적 ‘이것’ 박멸"
2023.10.05,7,"""기차도 못 앉아요"" 출몰 패닉…올림픽 앞둔 佛, 빈대 뒤진다"
2023.10.05,8,“악! 빈대” 난리난 파리…내놓은 방안은 “탐지견 투입”
2023.10.05,9,"올림픽 앞두고 ‘빈대 소동’ 벌어진 프랑스, 탐지견 투입해 조사한다"
2023.10.05,10,열차내 빈대 잡기 위해 탐지견까지 투입하는 나라는?…`망신살` 프랑스...
2023.10.05,11,"올림픽 앞둔 프랑스, 탐지견 투입해 열차 내 빈대 조사"
2023.10.05,12,"'빈대와의 전쟁' 프랑스, 열차에 탐지견 투입해 빈대 조사"
2023.10.05,13,"“지하철서 못 앉아요”…올림픽 1년 앞둔 파리 ‘빈대 습격’, 佛 탐지..."
2023.10.05,14,‘빈대 쇼크’에 빠진 이 나라…올림픽 앞두고 탐지견까지 투입
2023.10.05,15,"빈대 찾으러 열차에 탐지견 투입, 올림픽 앞둔 프랑스의 호들갑"
2023.10.05,16,"프랑스, 기차·지하철 빈대 찾기 위해 탐지견 투입"
2023.10.05,17,"프랑스, 탐지견 투입해 빈대 조사키로…""빈대 발견 없었다"""
2023.10.05,18,"""지하철 출몰? 확인된 바 없다""…올림픽 앞둔 프랑스 '빈대 수습' 안간힘"
2023.10.05,19,"지하철 좌석에 딱 붙은 ‘이것’ 잡으려… 프랑스, 탐지견까지 푼다"
2023.10.05,20,“빈대 확인엔 탐지견이 효과적”…내년 파리올림픽 앞둔 프랑스 특단 ...
2023.10.05,21,"올림픽 앞둔 프랑스, 탐지견 투입해 열차 내 빈대 조사"
2023.10.05,22,"[영상]기차, 영화관, 지하철에 ‘빈대’ 경보…프랑스 올림픽 코앞인데..."
2023.10.05,23,"내년 올림픽 앞둔 프랑스, 탐지견 투입해 지하철 내 빈대 조사한다"
2023.10.05,24,"올림픽 앞둔 프랑스, '킁킁' 탐지견 코로 빈대 찾는다"
2023.10.05,25,"'올림픽 해야 하는데 빈대가'…프랑스, 탐지견으로 대중교통 빈대 유무..."
2023.10.05,26,'빈대 소동' 프랑스..빈대 잡는 탐지견 투입 결정
2023.10.05,27,파리올림픽 앞두고 ‘빈대와의 전쟁’ 나선 프랑스...대책은 ‘탐지견 ...
2023.10.05,28,올림픽 1년 앞두고 '빈대 출몰' 소동에 프랑스는 '탐지견 투입'
2023.10.05,29,내년 올림픽 개막 앞둔 파리 화들짝…기차·지하철 의자에 서 이 벌레 출...
2023.10.05,30,"프랑스, 올림픽 앞두고 ‘빈대’ 골머리…탐지견까지 투입"
2023.10.05,31,올림픽 앞둔 프랑스… 빈대 출몰에 탐지견까지 투입
2023.10.05,32,"[기후는 말한다] 영국 BBC “프랑스, 내년 파리올림픽 앞두고 빈대와의..."
2023.10.05,33,올림픽 앞둔 프랑스에 빈대 출몰 '골치'
2023.10.05,34,"프랑스 출몰 빈대, 바퀴벌레 감소가 원인?"
2023.10.05,35,"""개 풀어 빈대 잡겠다"" 올림픽 앞둔 파리의 고충"
2023.10.05,36,"[글로벌클라스] 올림픽 앞둔 프랑스, 탐지견 투입해 빈대 퇴치"
2023.10.05,37,[자막뉴스] 21세기에 이런 일이...올림픽 앞두고 패닉 빠진 프랑스
2023.10.05,38,"올림픽 앞둔 프랑스, 탐지견 투입해 열차 내 빈대 조사"
2023.10.05,39,"'기온 뚝' 올가을 가장 추운 아침…""내일도 쌀쌀해요"""
2023.10.05,40,[다시보기] 10월 5일 (목) 오후 사이언스 투데이
2023.10.05,41,2024 파리올림픽 개최 앞두고 '빈대 습격'에 비상 걸린 프랑스
2023.10.05,42,[글로벌D리포트] 올림픽 앞둔 파리 '빈대 습격'에 비상
2023.10.05,43,"올림픽 앞둔 프랑스 파리, 지하철 출몰한 '빈대'에 골머리"
2023.10.05,44,올림픽 9달 앞둔 프랑스 파리서 '빈대 소동'…열차에 탐지견 푼다
2023.10.05,45,"내년 올림픽 개최 파리 ""빈대와 전쟁"""
2023.10.05,46,프랑스 ‘빈대 습격’에 휴교까지…왜 확산되나?
2023.10.05,47,이번엔 佛파리 고등학교서 빈대 발견…학생·교사 수업 거부
2023.10.06,1,파리올림픽 코앞인데…도시 뒤덮은 '빈대' 습격에 프랑스 '패닉'
2023.10.06,2,"[김정탁의 인문지리기행] “모기” “빈대” 으르렁댄 노·소론, 껍데기..."
2023.10.06,3,"파리 '빈대' 출몰 또…이번엔 고등학교, 교사·학생 등교 거부했다"
2023.10.06,4,"프랑스, 빈대 잡으려고 탐지견 투입"
2023.10.06,5,파리 또 '빈대소동'…이번엔 고등학교
2023.10.06,6,이번엔 파리 고교에 빈대 출현…학생·교사 수업 거부해 당국 설득
2023.10.06,7,프랑스 ‘빈대 습격’에 휴교까지…왜 확산되나?
2023.10.06,8,이번엔 학교에서 빈대 발견‥올림픽 앞둔 프랑스 '패닉'
2023.10.06,9,‘빈대의 습격’…왜 유독 프랑스에 확산될까?
2023.10.06,10,"[굿모닝브리핑] 프랑스, 빈대 출몰 '비상'...올림픽 전 소탕 총력전"
2023.10.06,11,'음바페는 빈대'→뉴캐슬전 대패 이후 영국팬 조롱
2023.10.06,12,"[핫클릭] 유빈-권순우 결별…""서로 응원하는 사이로 남아"" 外"
2023.10.06,13,이번엔 프랑스 고등학교에 빈대 출몰…교사·학생 등교 거부
2023.10.06,14,올림픽 앞두고 '빈대'로 속앓이 하는 프랑스 파리
2023.10.06,15,기차·영화관 이어 파리 고교서...프랑스 빈대 소동 계속 확산
2023.10.06,16,도시 곳곳에 우글우글...프랑스 뒤덮은 '해충' [지금이뉴스]
2023.10.06,17,파리 호텔에 기차까지 '빈대' 창궐…불안에 떠는 관광객들 [뉴스케치]
2023.10.06,18,"[딜링룸 백브리핑] 홍콩, 태풍와도 증시 개장한다…법 개정 속도"
2023.10.06,19,파리서 잇달아 빈대 발견…내년 올림픽 앞두고 골칫거리 부상
2023.10.06,20,'교통지옥'보다 싫은 빈대 공포…외면당하는 프랑스 지하철
2023.10.06,21,[자막뉴스] 파리서 잇달아 빈대 발견…내년 올림픽 앞두고 골칫거리 부...
2023.10.06,22,"열차에서도‥극장에서도‥파리, '빈대와의 전쟁'"
2023.10.06,23,“지하철에 자리 나도 안 앉는다” 프랑스 덮친 ‘빈대’ 대란
2023.10.07,1,"선생님, 공부도 좋지만 물리긴 싫어요… 佛 ‘빈대 전쟁’"
2023.10.07,2,내년 파리 올림픽 앞둔 프랑스 '빈대와의 전쟁'
2023.10.07,3,'빈대 습격'에 학교까지 문 닫은 프랑스…7개교 줄줄이 휴교
2023.10.07,4,'빈대 습격'에 학교까지 문 닫은 프랑스‥7개교 줄줄이 휴교
2023.10.07,5,"2023년에 빈대 실화냐? 프랑스 파리, 빈대 출몰로 7개 학교 방역 위해 문..."
2023.10.07,6,프랑스 빈대 습격에 학교도 문 닫아
2023.10.07,7,내년 파리 올림픽 '비상'…학교·기차 등 곳곳에 출몰
2023.10.07,8,당장 내년인데 파리올림픽 어쩌나…‘프랑스 습격’ 이 녀석들의 정체
2023.10.07,9,"""빈대 때문에 못살겠다""…벌써 학교 일곱 곳 문 닫은 프랑스"
2023.10.07,10,"'빈대와의 전쟁' 프랑스, 7개 학교 휴교까지…""신속 대응에 최선 다할 것..."
2023.10.07,11,'빈대 습격'에 학교까지 문 닫은 프랑스…7개교 줄줄이 휴교
2023.10.07,12,‘빈대 습격’에 학교까지 문 닫은 프랑스…7개교 줄줄이 휴교
2023.10.07,13,`빈대 습격`으로 학교까지 문 닫은 프랑스…7개교 줄줄이 휴교
2023.10.07,14,"빈대로 골머리 佛, 한국도 숙박시설서 종종 발견, ‘확인 방법’ 있다는..."
2023.10.07,15,"'프랑스 여행하시는 분들, 정말 조심하셔야 하는 일이 생겼습니다' (+이..."
2023.10.07,16,프랑스서 '빈대 습격'에 7개 학교 줄줄이 휴교
2023.10.07,17,"[주말판] 네트워크와 관련된 예산, 어떻게 짜야 할까"
2023.10.07,18,'빈대 습격'에 학교까지 문 닫은 프랑스…7개교 줄줄이 휴교
2023.10.07,19,"올림픽 내년인데…""빈대의 습격"" 난리 난 프랑스, 휴교령까지 내렸다"
2023.10.07,20,"프랑스, ‘빈대 습격’에 학교도 문 닫아…7개교 휴교"
2023.10.07,21,[영상] '빈대 습격' 프랑스 비상…학교도 줄줄이 문 닫아
2023.10.07,22,"'빈대와의 전쟁' 난리 난 프랑스, 탐지견 투입…“빈대, 꼼짝말개”"
2023.10.07,23,빈대 습격에 골머리 앓는 파리…학교까지 줄줄이 휴교
2023.10.07,24,[자막뉴스] 기차 의자에 '바글바글'...관광대국 프랑스 '초비상'
2023.10.07,25,"""학교 문도 닫았다""…올림픽 앞둔 파리, '빈대 습격' 골머리"
2023.10.10,1,[오늘의 운세] 2023년 10월 10일 화요일
2023.10.10,2,[자유성] 빈대
2023.10.10,3,[영상] 파리 빈대 런던으로 거처 옮겼나?…런던 지하철에서도 ‘슬금슬...
2023.10.10,4,"프랑스 빈대에 영국도 긴장…런던시장 ""지하철·버스 소독"""
2023.10.11,1,"""빈대가 나타났다""…파리·런던 '난리'"
2023.10.11,2,[잇슈 SNS] 프랑스 이어 영국도 ‘빈대 공포’…런던 시장 “상황 주시...
2023.10.11,3,[이 시각 세계] 프랑스 이어 영국도 빈대 때문에 비상
2023.10.11,4,프랑스 이어 영국도 ‘빈대 급습’에 비상
2023.10.11,5,"[와운의 아침 단상] 두 천재의 콜라보, 말하듯 ""그건 너"""
2023.10.11,6,[지구촌 더뉴스] 프랑스 ‘빈대 습격’에 영국도 긴장
2023.10.11,7,영국으로 번진 '빈대주의보'…런던 지하철·맨체스터 버스에 등장
2023.10.11,8,지하철 승객 다리에 스멀스멀…영국도 '빈대 공포' 긴장
2023.10.11,9,[기후은 말한다] 프랑스 이어 영국도 ‘빈대’ 공포…“뜨거운 물 소독...
2023.10.11,10,영국도 '빈대주의보'…런던 지하철·맨체스터 버스서 빈대 출몰
2023.10.11,11,파리 이어 런던까지 스멀스멀…유럽 '빈대 공포' 확산
2023.10.11,12,프랑스 이어 영국 런던 지하철에도 '빈대주의보'
2023.10.11,13,"영국 ""우리 땅에도?"", 빈대와의 전쟁 확산"
2023.10.12,1,'빨갛게 붓고 가려워요'...해외여행 시 '이것' 주의하세요
2023.10.12,2,[내일의 눈] '할말 못하는' 중소기업계
2023.10.12,3,프랑스 이어 영국도… 지하철 승객 다리에 빈대 스멀스멀
2023.10.13,1,프랑스 발칵 뒤집은 ‘빈대’ 인천 사우나서 발견 “역겹고 충격적”
2023.10.13,2,“한국도 큰일” 프랑스 괴롭힌 ‘이것’ 인천 사우나서 줄줄이 출몰
2023.10.13,3,"인천 사우나에서 '빈대' 발견?...구청 ""방문 조사 예정"""
2023.10.13,4,프랑스 점령한 빈대 한국도?…인천 사우나에 '득실' 업주는 알고도 영업
2023.10.13,5,프랑스 이어 영국에까지 번진 '빈대 사태'
2023.10.13,6,파리·런던 대중교통 '빈대와 전쟁'...서울 지하철은?
2023.10.13,7,"프랑스처럼 한국도?...유튜버, ""빈대 8마리 잡았다"""
2023.10.13,8,인천 찜질방 빈대 들끓어… 업주 “내일 중으로 손님 받지 않고 소독”
2023.10.13,9,"서울 지하철은 빈대 없이 쾌적…""의자 소재 개선‧전문 방역업체 진단"""
2023.10.13,10,빈대 득실 인천 찜질방 찾은 유명 유튜버 “상황이 너무 심각해서 찍을...
2023.10.13,11,"빈대 없는 서울지하철, 객실 의자 안심하고 이용하세요."
2023.10.13,12,“프랑스만? 한국도 조만간”... 인천 사우나에 드글드글한 ‘이 해충’
2023.10.13,13,“빈대는 없다”…지하철 객실 의자 교체·방역 나선 서울교통공사
2023.10.13,14,프랑스 발칵 뒤집은 해충 국내 상륙했나…인천 사우나서 발견
2023.10.13,15,"프랑스 괴롭힌 '빈대' 인천 사우나서도 발견…""한국도 조만간"""
2023.10.13,16,"서울교통공사, ""빈대 없는 지하철 의자, 안심하고 이용하세요"""
2023.10.13,17,佛 골칫거리 빈대가 한국에도?…사우나에 드글드글
2023.10.13,18,"프랑스 점령한 빈대, 인천 찜질방서도 '득실득실'…알고도 영업 지속한..."
2023.10.13,19,프랑스 발칵 뒤집어 놨는데…국내서도 포착돼 '충격'
2023.10.13,20,프랑스 발칵 뒤집은 ‘빈대’ 한국에도?…인천 사우나서 발견
2023.10.13,21,"파리‧런던 지하철 '빈대와의 전쟁'...""서울 지하철은 안심하고 이용하..."
2023.10.14,1,10월 14일 오늘의 운세-띠별
2023.10.14,2,“지하철서 벌레가 스멀”…佛 이어 영국도 ‘빈대’ 몸살
2023.10.14,3,"[토요화제] 최인호-이장희 두 천재의 콜라보, 말하듯 ""그건 너"""
2023.10.14,4,“사람 미치게 만드는 끝판왕 해충” 佛 뒤덮은 빈대가 인천 찜질방에?...
2023.10.14,5,유럽에 이어 한국도?…인천 사우나서 '빈대' 무더기 발견 소동
2023.10.14,6,프랑스 빈대는 남의 집 불구경? 인천 사우나에도 발견…
2023.10.14,7,프랑스 발칵 뒤집은 '빈대'...국내 찜질방서 발견
2023.10.14,8,[픽!영상] 의자에 바지 내리고 소변본 만취女…파리 빈대 런던으로 거쳐...
2023.10.14,9,프랑스 미치게 만든 빈대···‘끝판왕 해충’이 한국에도?
2023.10.14,10,"프랑스 점령한 빈대, 인천 찜질방서 포착…유튜버의 폭로"
2023.10.14,11,인천 찜질방서 '프랑스 빈대' 출몰… 영상에서만 8마리 잡혔다
2023.10.14,12,인천 사우나서 빈대 '득실'…물렸을 때는 어떻게?
2023.10.14,13,"""소독해도 안 잡혀""…인천 찜질방 빈대에 '발칵'"
2023.10.15,1,프랑스 미치게 만든 '빈대'…끝판왕 해충에 몰리면?
2023.10.15,2,교각살우(矯角殺牛) 하는 우(愚)를 범하지 말아야
2023.10.15,3,[밀물썰물] 빈대의 낯짝
2023.10.16,1,"인천 사우나서 빈대 출몰…""찜질방 운영 잠정 중단"""
2023.10.16,2,"인천 서구 사우나서 빈대 출몰…""찜질방 운영 잠정 중단"""
2023.10.16,3,"인천 사우나서 빈대 출몰…""찜질방 운영 잠정 중단"""
2023.10.16,4,찜질방 매트서 '경악'…프랑스 이어 한국도 출몰
2023.10.16,5,‘빈대’ 출현한 인천 사우나 결국 행정처분...“타 업체도 점검예정”
2023.10.16,6,올림픽 개최 도시에 '빈대'가?
2023.10.16,7,프랑스 골칫거리가 인천 사우나에…'빈대 출몰'에 골머리
2023.10.16,8,"프랑스서 활개치는 빈대, 인천에도? 사우나 일시 운영 중단"
2023.10.16,9,‘빈대 출현’ 인천 사우나 결국 행정처분...“당분간 운영 중단”
2023.10.16,10,"프랑스만? 인천 사우나에도 빈대 출몰…""당분간 찜질방 운영 중단"""
2023.10.16,11,"인천 사우나서 빈대 출몰…""찜질방 운영 잠정 중단"""
2023.10.16,12,‘빈대’ 출몰한 인천 사우나…운영 일시중단
2023.10.16,13,"매트 들췄다가 경악…‘빈대 출몰’ 인천 사우나, 운영 잠정 중단"
2023.10.16,14,유튜브 올라온 인천 '빈대' 사우나..점검서 성충·유충 발견돼
2023.10.16,15,인천 사우나서 빈대 출몰…찜질방 '경고 처분'
2023.10.16,16,곤충 유튜버가 제기한 '사우나 빈대' 의혹 사실로 밝혀졌다
2023.10.16,17,인천 사우나 빈대 등장…찜질방 운영 중단 처분
2023.10.16,18,"수학회 ""미적분·기하 뺀 수능에 이과 교육 기반 붕괴 우려"""
2023.10.16,19,빈대 재출현 공포…침실 내 ‘은신처’ 수색‧제거 방법
2023.10.16,20,'빈대다!' 인천 사우나서 발견돼 운영 중단...유입경로 파악 중
2023.10.16,21,"대한수학회 “2028 수능 개편안, 이과계열 대학교육 붕괴 우려”"
2023.10.16,22,프랑스 '빈대 습격'에 나라가 '들썩'...인천 사우나도 출몰해 '화들짝'
2023.10.16,23,인천 서구 사우나서 빈대 출몰…“운영 당분간 중단”
2023.10.16,24,"유튜버 폭로에 설마했는데…인천 찜질방 ‘빈대’ 출몰, 벌써 한달이나..."
2023.10.16,25,"빈대 발견된 찜질방 운영 중단…인천 서구 ""행정처분 예정"""
2023.10.16,26,"프랑스 이어, 인천 서구 사우나에서도 빈대 출몰"
2023.10.16,27,"유럽서 악명 높은 빈대, 국내 한 사우나서도 발견돼 영업중단"
2023.10.16,28,"‘빈대 출몰’ 인천 사우나 결국…“소문 사실, 운영 당분간 중단”"
2023.10.16,29,‘빈대’ 확인된 인천 서구 사우나.. ‘경고 처분’
2023.10.16,30,인천 사우나서 빈대 발견…찜질방 ‘운영 중단’
2023.10.16,31,한국에서 빈대라고?…인천 사우나에 빈대 출몰
2023.10.16,32,"인천 서구 사우나서 빈대 발견... ""1달 전부터 출몰, 박멸 어려워"""
2023.10.16,33,빈대 나온 인천 찜질방 뒤늦게 영업 중단…한국도 위험하다
2023.10.16,34,"인천 사우나에 빈대 출몰 확인…""찜질방 운영 잠정 중단"""
2023.10.16,35,"인천 사우나서 빈대 출몰…""찜질방 운영 잠정 중단"""
2023.10.16,36,"'빈대 출몰' 인천 사우나 행정처분, ""당분간 운영 중단"""
2023.10.16,37,[60초 뉴스]프랑스 ‘빈대’ 한국 상륙했나?…인천서 빈대 출몰
2023.10.16,38,"인천 사우나서 빈대 발견... ""찜질방 운영중단"""
2023.10.16,39,"'빈대 출몰' 인천 사우나, 설마했는데 사실로 밝혀졌다"
2023.10.16,40,"인천 '빈대 출몰' 찜질방, 한 달 전부터 시달렸다는데…""당분간 운영 중..."
2023.10.16,41,"인천 사우나서 '빈대 출몰' …""찜질방 운영 잠정 중단"""
2023.10.16,42,"인천 사우나서 빈대 기어나왔다…""한 달 전 출몰, 박멸 어려워"""
2023.10.17,1,"‘악! 진짜 빈대’…논란된 인천 찜질방, 잠정 운영 중단"
2023.10.17,2,"""사람 미치게하는 끝판왕 해충"" 빈대, 인천 사우나에도 출몰했다"
2023.10.17,3,[뉴스딱] 유튜버 영상 사실이었다…사우나서 발견된 '골칫거리'
2023.10.17,4,"극심한 가려움 유발하는 빈대, 인천 사우나서 발견"
2023.10.17,5,유튜버가 경고한 인천 사우나 빈대…운영 중단
2023.10.17,6,'프랑스 골치'라던 빈대...인천 찜질방에도 출몰했다고? [앵커리포트]
2023.10.17,7,"고양시, 사우나 등 다중이용시설 빈대·벌레 소독 철저"
2023.10.17,8,“연구비 카르텔…예산 삭감”에 반박하는 과학자들
2023.10.17,9,“물리면 정신적 고통”… 한국도 ‘빈대의 습격’ 비상
2023.10.17,10,[자막뉴스] 프랑스 골칫거리가 한국에도...깜짝 놀랄 실태
2023.10.17,11,인천 서구 찜질방 '빈대 출몰' 진짜였네
2023.10.17,12,한국에 나타난 위험한 ‘이 벌레’...이것으로 확인 가능하다는데
2023.10.18,1,"프랑스 휩쓴 빈대, 한국 상륙?"
2023.10.18,2,"[건방진 퀴즈] “빈대 비상!”…내가 물린 자국, '빈대 짓'일까?"
2023.10.18,3,“물리면 고통” 한국에 등장한 공포의 ‘이 벌레’…‘이것’하면 확...
2023.10.18,4,[이진순 칼럼] 절대반지의 저주
2023.10.18,5,"""호텔도 안심 못 해"" 15년차 호텔리어의 '빈대 찾는 법'"
2023.10.18,6,[오늘 통한 과거리뷰] 빈대
2023.10.18,7,"파리도, 인천 찜질방도 ‘빈대 비상’…3500년 전 이집트 무덤에서도"
2023.10.18,8,"""2028 대입 개편안, 이과계열 대학교육 기반 붕괴될 것"""
2023.10.18,9,한국 사우나에도 빈대가… 15년차 호텔리어가 밝힌 확인 방법은
2023.10.18,10,[분석] 근절됐던 빈대가 다시 돌아온다...왔다??
2023.10.18,11,국적법 개정 기회 한국 국회서 외면
2023.10.18,12,"""주식 배당금 1억 찾아가세요""…피싱인 줄 알았는데 이게 웬 떡 [5키]"
2023.10.18,13,"""'빈대' 찾으려면 먼저 불을 끈 뒤…"" '꿀팁' 공개한 베테랑 호텔리어"
2023.10.19,1,"과기부, 브뤼셀에 ‘韓-유럽 양자협력센터’ 문 열어"
2023.10.19,2,[한마당] 돌아온 빈대
2023.10.19,3,[천왕봉]빈대
2023.10.19,4,[포토타임] '남한강 도하하는 K21' 한미 연합 도하훈련 실시
2023.10.19,5,계명대 신축 기숙사서 빈대 출몰…생활관 전체 소독
2023.10.19,6,"공포의 빈대, 인천 사우나 이어 전혀 예상 못한 곳에서도 출몰했다"
2023.10.19,7,계명대 신축 기숙사 빈대 출몰에 대학교 전체 소독
2023.10.19,8,"""두드러기에 고열…침대서 빈대"" 계명대 쉬쉬하다 소독"
2023.10.19,9,검은 벌레가 드글드글… 계명대 신축 기숙사에 빈대 출몰해 대학교 전체...
2023.10.19,10,한국도 빈대 습격?…이번엔 대학기숙사 '발칵'
2023.10.19,11,계명대 기숙사서 빈대 출몰...“영국 학생 머물던 곳”
2023.10.19,12,"파리 휩쓴 '빈대 공포', 한국도?…이번엔 대학 기숙사에 출몰"
2023.10.19,13,기숙사 매트리스 아래 보고 깜짝…대학교 발칵 뒤집힌 이유
2023.10.19,14,“영국 국적 학생이 사용”...대학교 기숙사에 빈대 출몰 '발칵'
2023.10.19,15,신축 기숙사에 빈대 출몰…대구 계명대 ‘에타’ 난리났다
2023.10.19,16,'빈대 잡아라'
2023.10.19,17,빈대 나온 대학교 기숙사 방역
2023.10.19,18,'빈대 잡아라'
2023.10.19,19,'빈대 잡아라'
2023.10.19,20,빈대 나온 대학교 기숙사 방역
2023.10.19,21,빈대 나온 대학교 기숙사 방역
2023.10.19,22,'빈대 잡아라'
2023.10.19,23,"빈대 발생한 대학교 기숙사, 전체 방역"
2023.10.19,24,"빈대 발생한 대학교 기숙사, 전체 방역"
2023.10.19,25,"빈대 발생한 대학교 기숙사, 전체 방역"
2023.10.19,26,"빈대 발생한 대학교 기숙사, 전체 방역"
2023.10.19,27,프랑스 파리에 이어 국내 기숙사까지…계명대 신축 기숙사에 빈대 출몰
2023.10.19,28,"""두드러기에 고열…대학 기숙사 침대서 빈대"" 쉬쉬하다 소독"
2023.10.19,29,"대학교 기숙사 침대에 빈대 우글우글…""영국 학생 쓰던 방"""
2023.10.19,30,"""대구 유명 대학교 기숙사에서 빈대 출몰했는데 학교는 나 몰라라 합니..."
2023.10.19,31,“으악 이게 뭐야”...계명대 신축 기숙사에 빈대 출몰해 대학교 전체 ...
2023.10.19,32,계명대 신축 기숙사 빈대 출몰…“영국 유학생 머물던 방” [영상]
2023.10.19,33,인천 사우나 이어 대구 계명대 기숙사도 빈대 나와
2023.10.19,34,80년대 박멸됐다고 알려진 '그 벌레'..계명대 기숙사서 목격
2023.10.19,35,대구 계명대 신축 기숙사에서 빈대 나와...방역 착수
2023.10.19,36,[포토] 빈대 나온 대학교 기숙사 방역
2023.10.19,37,계명대 신축 기숙사에 빈대 출몰…학교 전체 소독 실시
2023.10.19,38,빈대 나온 계명대학교 기숙사 방역
2023.10.19,39,빈대 나온 계명대학교 기숙사 방역
2023.10.19,40,빈대 나타난 계명대학교 신축 기숙사 방역작업
2023.10.19,41,빈대 나타난 계명대학교 신축 기숙사 방역작업
2023.10.19,42,빈대 나타난 계명대학교 기숙사 방역
2023.10.19,43,빈대 나타난 계명대학교 신축 기숙사 방역작업
2023.10.19,44,빈대 나타난 계명대학교 기숙사 방역
2023.10.19,45,빈대 나온 계명대학교 기숙사 방역
2023.10.19,46,인천 사우나 이어 대학교 기숙사서도…빈대 출몰해 ‘발칵’
2023.10.19,47,“이거 빈대 맞나?”…대학 기숙사 매트리스 밑에서 ‘꿈틀꿈틀’
2023.10.19,48,계명대 신축 기숙사 '빈대' 출몰…대학은 쉬쉬하다 뒤늦게 소독
2023.10.19,49,계명대 신축 기숙사 빈대 출몰···대학교 전체 소독
2023.10.19,50,계명대 기숙사에서 빈대 출몰…두드러기·고열 피해 호소
2023.10.19,51,"""두드러기에 고열까지""...이번엔 계명대 기숙사에서 '빈대 출몰'"
2023.10.19,52,"계명대 신축 기숙사서 빈대 발견…""해외 유입 가능성"""
2023.10.19,53,때아닌 빈대 출현에 대학 기숙사 비상
2023.10.19,54,'빈대' 나타난 대학 기숙사 방역
2023.10.19,55,'빈대 박멸'
2023.10.19,56,빈대를 박멸하라!
2023.10.19,57,"때아닌 '빈대' 출현, 대학 기숙사 방역"
2023.10.19,58,"때아닌 '빈대' 출현, 대학 기숙사 방역"
2023.10.19,59,'빈대 박멸'
2023.10.19,60,빈대를 박멸하라!
2023.10.19,61,빈대를 박멸하라!
2023.10.19,62,"때아닌 '빈대' 출현, 대학 기숙사 방역"
2023.10.19,63,'모기 물린 자국 아니었네' 대구 계명대 신축 기숙사 빈대 출몰 사태
2023.10.19,64,"""침대 들춰보니 벌레 후두둑"" 계명대 신축 기숙사 빈대 출몰"
2023.10.19,65,대학 기숙사서 빈대에 물려 고열…“영국 학생 쓰던 방”
2023.10.19,66,"""두드러기에 고열로 병원 신세""…'이것' 출몰에 난리 난 대학 기숙사는..."
2023.10.19,67,확산하는 빈대 공포…인천 사우나 이어 대구 계명대서 발견
2023.10.19,68,빈대 또? 출몰지역 어디... 빈대증상·치료·퇴치법
2023.10.19,69,"""빈대 물려 고열, 염증수치 400""…영국 학생 쓰던 기숙사방 발칵"
2023.10.19,70,“고열에 염증 수치 400” 신축 기숙사에 빈대 출몰… 계명대 뒤늦게 방...
2023.10.19,71,대학교 기숙사에 빈대 출몰…'쉬쉬'하다 뒤늦게 방역
2023.10.19,72,"""빈대에 물려 염증 수치 400"" 대학 기숙사 발칵…유학생 탓?"
2023.10.19,73,대구 계명대 신축 기숙사 침대 밑에서 발견된 건 크기가 커진 빈대였고...
2023.10.19,74,빈대와의 전쟁? 인천 사우나 이어 계명대서도 '베드버그' 피해 발생
2023.10.19,75,[e와글] 계명대 기숙사 '빈대 문제' 쉬쉬하다 뒤늦은 방역⋯ 누리꾼들 ...
2023.10.19,76,"OO 출몰, 찜질방에 이어 대학교까지?"
2023.10.19,77,계명대 신축 기숙사서 때아닌 '빈대' 소동…9월 중순부터 시작된 듯
2023.10.19,78,[포토뉴스] 계명대 신축 기숙사 빈대 출몰…학교 전체 방역
2023.10.19,79,계명대 기숙사서 빈대 출몰.. 대학 전체 소독
2023.10.19,80,"기숙사 침대서 빈대 발견…계명대 ""英유학생 머물렀던 방"""
2023.10.19,81,"기숙사 덮친 괴벌레 뭔가 했더니‥""빈곤국도 아닌데"" 대학교 '발칵'"
2023.10.19,82,"""고열에 염증"" 계명대 기숙사 침대서도 빈대 출몰…전체 소독 실시"
2023.10.19,83,물림 호소에 확산하는 빈대 ‘공포’…인천 사우나에 이어 계명대 기숙...
2023.10.19,84,근절됐던 빈대가 다시⋯대학교 신축 기숙사에 출몰해 '병원 신세'
2023.10.19,85,계명대 신축 기숙사 빈대 출몰에 ‘뒷북 대처’ 나선 학교
2023.10.19,86,계명대 신축기숙사서 빈대 출몰…학생 물림 피해 호소
2023.10.19,87,[포토뉴스] 빈대와의 전쟁 중인 계명대
2023.10.19,88,"[영상] 대구 계명대도 빈대 출몰…""2차 감염에 염증 수치 80배"""
2023.10.19,89,인천 이어 대구에서도 발견...국내 '빈대 습격' 비상
2023.10.19,90,"대구 한 사립대 기숙사에 빈대 출몰 소동, 기숙사 포함 대학 전체 소독"
2023.10.19,91,"""빈대 물린 거 같다""며 계명대 학생들이 공개한 피해 사진들"
2023.10.19,92,가자지구 '생명길' 열렸다…봉쇄령 풀고 식량반입 허용
2023.10.19,93,"유럽서 기승하던 빈대, 국내서도 출몰…기숙사-찜질방 등 피해신고"
2023.10.19,94,"[YTN 실시간뉴스] 尹, '의대 증원' 재확인...""충분한 소통"""
2023.10.19,95,"계명대 신축 기숙사 '빈대 출몰'…대학 ""추가 피해 없이 방역 진행 중"""
2023.10.19,96,[포토] “빈대를 잡아라”
2023.10.19,97,[사진구성] '응급실 뺑뺑이' 없앤다…국립대병원 중심 필수의료 강화 外
2023.10.19,98,김주하 앵커가 전하는 10월 19일 MBN 뉴스7 주요뉴스
2023.10.19,99,대학교 기숙사에 빈대 출몰 '발칵'…쉬쉬하다 뒤늦게 소독
2023.10.19,100,대학 기숙사서 빈대 발견…물린 학생은 고열로 병원 치료
2023.10.19,101,[뉴스추적] 빈대 공포 확산…1980년대 박멸됐는데 왜 다시 나타나나
2023.10.19,102,대학 기숙사까지 빈대의 습격…긴급방역
2023.10.19,103,계명대 신축 기숙사 빈대 출몰…피해 학생 속출
2023.10.19,104,10월 19일 '뉴스 9' 예고
2023.10.19,105,"""대학교 기숙사에 빈대가""…국내서도 출현 잦아지는 빈대"
2023.10.19,106,계명대 신축 기숙사서 ‘빈대’ 피해 호소
2023.10.19,107,"[자막뉴스] ""대학 기숙사에 빈대가""…국내서도 출현 잦아지는 빈대"
2023.10.19,108,10월 19일 '뉴스 9' 헤드라인
2023.10.19,109,"""심한 간지러움에 고열까지""…빈대의 습격, 대학 기숙사 '발칵'"
2023.10.19,110,빈대 출현에 대학 기숙사 발칵…캠퍼스 전체 방역 대소동
2023.10.19,111,계명대 신축 기숙사서 빈대 출몰 소동
2023.10.19,112,계명대 신축 기숙사서 ‘빈대’ 피해 호소
2023.10.19,113,계명대 기숙사서 빈대 발견..피해 학생 병원 치료
2023.10.19,114,대구 계명대 신축 기숙사서 빈대 출몰
2023.10.19,115,인천 이어 대구에서도 발견...국내 '빈대 습격' 비상
2023.10.19,116,유명 대학교 기숙사 XX 출몰…방역 요청했지만 “내 담당 아니다”
2023.10.20,1,"유럽 빈대 한국 상륙했나, 인천 이어 대구서도 출몰"
2023.10.20,2,클로징
2023.10.20,3,국적법 개정 기회 한국 국회서 외면
2023.10.20,4,"유럽서 기승 ‘빈대’, 국내 대학 신축 기숙사서 발견"
2023.10.20,5,“빈대 잡아라”… 대학교서 소동
2023.10.20,6,"“경로당 구석구석 닦아내” 나경원, 깜짝 놀랄 근황…‘총선 출마’ 몸..."
2023.10.20,7,[와글와글] 한국도 빈대?‥찜질방 이어 대학 기숙사 '발칵'
2023.10.20,8,빈대 출현에 대학 기숙사 발칵…긴급방역
2023.10.20,9,"국내도 빈대 꿈틀대나…""염증수치 400"" 기숙사방 '발칵'"
2023.10.20,10,[굿모닝브리핑] '양치기 소년' 된 K바이오...신약 실패로 소액주주 손해...
2023.10.20,11,유럽서 기승 ‘빈대’…인천 찜질방 이어 대구 사립대 기숙사에도 출몰
2023.10.20,12,"계명대 기숙사서 빈대 발견…""매트리스‧침대 커버 폐기 조치"""
2023.10.20,13,"""어디든 달려가겠다"" 나경원, ‘총선 출마’ 시동거나...근황 공개"
2023.10.20,14,[자막뉴스] 몸에 이상을 느껴 침대를 뒤집어 보니... '빈대 습격'
2023.10.20,15,[영상] 국내 덮친 빈대의 습격...사라졌다 다시 나타난 이유는?
2023.10.20,16,"""내방에도 빈대가?""...침대에 '이 흔적' 확인하세요 [Y녹취록]"
2023.10.20,17,[뉴스라이더] 찜질방 이어 대학 기숙사에서도 출몰...돌아온 빈대?
2023.10.20,18,국내 빈대 습격 '비상'... 특유의 냄새도 남긴다? [Y녹취록]
2023.10.20,19,"'프랑스 골치' 빈대, 계명대 기숙사에도 출몰...""박멸도 어려워"""
2023.10.20,20,[시도때도없는 뉴스 10.20] 대구 계명대 신축 기숙사에 빈대 출몰…대학...
2023.10.20,21,"""빈대 불안"" 내 옷에 빈대 옮겼다면?...""봉투에 일주일 싸놔라"""
2023.10.20,22,한국도 빈대 습격…찜질방 이어 기숙사까지 `비상`
2023.10.20,23,"경로당에 편백수 들고 나타난 나경원…""빈대 뉴스 듣고 왔다"""
2023.10.20,24,"프랑스 강타한 '빈대' 출몰하다…계명대 영국 학생 쓰던 방에서, 인천 사..."
2023.10.20,25,"'기숙사에 빈대 출몰' 계명대학교 상황, 현재 이 정도로 심각하다 (사진..."
2023.10.20,26,‘빈대 출몰’ “대구 계명대 기숙사 침대보 교체? 사실 아냐”
2023.10.20,27,인천 이어 대구에서도 발견...국내 '빈대 습격' 비상
2023.10.20,28,[다시보기] 10월 20일 (금) 오전 사이언스 투데이
2023.10.20,29,"사라졌던 빈대의 출몰...""전국으로 퍼지는 건 시간문제"""
2023.10.20,30,[다시보기] 대구경북브리핑 10월 20일(금) 23년
2023.10.20,31,국내 곳곳 빈대 출몰…박멸됐는데 재등장 이유는?
2023.10.20,32,“우리도 ‘빈대 청정국’ 아냐”…물렸을 때 어떻게 해야? [e건강~쏙]
2023.10.20,33,"[딜링룸 백브리핑] ECB, 디지털유로 발행 위한 전진…11월 준비 돌입"
2023.10.20,34,"파리, 런던에 이어 한국도...흡혈 심한 빈대, 출몰 원인은? 빈대 물린자..."
2023.10.20,35,"인천 이어 대구서도 '빈대 출몰'…강력해진 빈대, 대응법은"
2023.10.20,36,나경원 경로원 봉사 '포착'... 16년 텃밭 동작구 탈환 시동?
2023.10.20,37,[2023 국감] 창업진흥원 직장 내 '잡음' 논란
2023.10.20,38,'소아과 의사'가 사라진 나라를 원하십니까? [사진으로 보는 일주일]
2023.10.20,39,[다시보기] 10월 20일 (금) 오후 사이언스 투데이
2023.10.20,40,빈대 숨어있는 틈 사이에 손가락 갖다 대자 나타난 소름돋는 움직임 (+혐...
2023.10.20,41,[여적] 빈대의 습격
2023.10.20,42,한국에도 또 다시 '빈대' 공포…찜질방 이어 대학 기숙사도?
2023.10.20,43,정부 연구개발 예산 삭감... 지역 직격탄
2023.10.20,44,[따져보니] '빈대주의보' 왜?… 퇴치 어떻게?
2023.10.20,45,[설왕설래] 빈대의 습격
2023.10.20,46,찜질방·기숙사까지… ‘빈대’ 따라왔을까 걱정된다면?
2023.10.21,1,빈대 ‘40년만의 습격’… 외국인 머문 곳서 출몰하는 이유
2023.10.21,2,코로나 이후 관광객·난민 급증하며 확산된 듯
2023.10.21,3,파리 이어 런던까지… 유럽 ‘빈대 공포’ 확산
2023.10.21,4,간판 고장인데…오인 신고에 ‘가짜 테러’ 신고 몸살
2023.10.21,5,"[클로즈업 북한] 중국, 억류 탈북민 강제 북송…“살려주세요”"
2023.10.21,6,"바퀴벌레, 쥐랑 차원이 다르다…빈대 물림 증상·대처법 싹 알려드립니..."
2023.10.21,7,"살충제 내성 '슈퍼빈대' 전국 곳곳서 출몰, 확산 공포 엄습…왜 다시 나..."
2023.10.21,8,찜질방에 이어 기숙사에까지 출몰한 '빈대'...대처법은?
2023.10.21,9,"빈대의 습격, 1970년대 사라진 거 아니었어?"
2023.10.21,10,바퀴벌레·모기보다 까다로운 빈대의 습격…공포감 주는 진짜 이유
2023.10.22,1,빈대에 흰개미…지하철 스팀방역에 목조건물 검진 등 곳곳 방제대책
2023.10.22,2,박수홍·압구정 박스녀에도 뒤졌다…관심 '뚝' 떨어진 국감 [신현보의 ...
2023.10.22,3,中맥주공장서 원료에 방뇨…국내 수입 맥주는 문제 없나?
2023.10.22,4,(약수터) 배드버그
2023.10.22,5,[가고파] 빈대- 강지현(편집부장)
2023.10.22,6,"포항읍을 시로 승격시키고, 호리못을 만들어"
2023.10.22,7,[참성단] 빈대 소동
2023.10.23,1,"""살충제 소용없어""…한국 뜬 빈대, 유럽이 치떠는 그놈이었다"
2023.10.23,2,"""연애도 포기, 연구만 했는데 왜 우리를…"" 청년 연구자의 울분"
2023.10.23,3,"""너무 가려워"" 벅벅…'빈대' 물린 곳에 물파스, 효과 있을까? [한 장으로..."
2023.10.23,4,"통장잔고 7천원 남친 등장, 전현무마저 일침 “중학생도 너보다 많겠다..."
2023.10.23,5,"홈케어마스터, 광주도시관리공사 체육시설 8개소 소독방역 서비스 제공"
2023.10.23,6,"[인터뷰] 해충 박사 ""모기가 피 한방울 빨때, 빈대는 다섯 방울"""
2023.10.23,7,"홈케어마스터, 광주도시관리공사 체육시설 8개소 소독방역 서비스 제공"
2023.10.23,8,"외국인 미녀 ""한국인 남친, 데이트 비용 안 내서 고민"" ('지구별 로맨스..."
2023.10.23,9,"“남친=빈대, 통장잔고 7000원”…전현무 분노 이유 있었네 (지구별 로맨..."
2023.10.23,10,"전현무, 통장 잔고 7000원·빚 있는 연인에 ""웃을 때 아냐"" 일침 ('지구별..."
2023.10.23,11,"""조그마한 벌레‥께름칙 했는데""‥고시원 열흘 만에 '만신창이'"
2023.10.23,12,70년대 박멸된 빈대가 왜 나와?…“해외 유입 가능성 커”
2023.10.23,13,"퇴치 어려운 해충 ‘빈대’, 국내에도 등장… 세계는 지금 빈대 습격에..."
2023.10.23,14,"""부천 고시원서 빈대 물려"" 민원…전국서 빈대 신고 잇따라"
2023.10.23,15,"""부천 고시원서 빈대 물려"" 민원…전국서 빈대 신고 잇따라"
2023.10.23,16,[영상] 한강공원 점령한 미국흰불나방 유충·유럽서 건너온 빈대 기승
2023.10.23,17,[더뉴스] 도심 공원에 미국흰불나방 유충 '우글우글'...전국 확산 우려
2023.10.23,18,부천 고시원에서도 빈대 출몰···전국서 빈대 신고 잇따라
2023.10.23,19,'70년대에 박멸 성공했는데 갑자기 왜?!' 빈대 무서워 오들오들 떨고 있...
2023.10.23,20,"'빈대' 공포 현실화? 전국서 신고 잇따라…""부천 고시원서 물리기도"""
2023.10.23,21,인천·대구…부천에서도? 우리나라도 `빈대` 출몰 신고 잇따라
2023.10.23,22,"""부천 고시원에서 빈대 물려 치료했다"" 신고 들어와"
2023.10.23,23,해외여행 못가봤는데 ‘열대 풍토병’…알고보니 ‘댕댕이’가 옮겼다...
2023.10.23,24,“부천 고시원서 빈대 물려” 민원…전국서 빈대 신고
2023.10.23,25,부천 고시원에서도 물렸다?...전국 곳곳에서 출몰하는 '빈대'
2023.10.23,26,"전문가 ""국내 '빈대' 속출? 100% 해외 유입…60도 이상 뜨거운 물로 세탁..."
2023.10.23,27,"""부천 고시원서 빈대 물려"" 민원‥전국서 빈대 신고 잇따라"
2023.10.23,28,“고시원서 빈대 나왔어요”… 전국 확산하는 ‘빈대 공포’
2023.10.23,29,"인천→대구→부천, 모기 10배 피 빨아먹는 빈대 출몰"
2023.10.23,30,부천 고시원에서도 빈대 출몰 신고…전국서 민원 속출
2023.10.23,31,[삼촌설] 빈대 확산
2023.10.23,32,‘지구별 로맨스’ 통장 잔고 7천원 빈대 남친에 분통 “중학생도 너보...
2023.10.23,33,빈대도 낯짝은 있건만…
2023.10.23,34,“고시원서 빈대 물렸어요”…부천에서도 ‘빈대’ 신고
2023.10.23,35,“옷·침대·부엌에도 벌레가 나왔어요”…고시원에서 빈대 출몰 신고 ...
2023.10.23,36,"박멸된 것으로 알려진 빈대, 대구·인천 이어 부천 고시원서도 신고 전..."
2023.10.23,37,"'빈대 출몰, 이번엔 부천 고시원이다'…""새방으로 옮겼지만 거기서도"""
2023.10.23,38,[이슈있슈] 후쿠시마 앞바다 삼중수소 최대치 경신…‘마약 혐의’ 이선...
2023.10.23,39,"강제북송 경험한 탈북민의 증언 ""여성들 알몸에 뜀뛰기시켜"""
2023.10.23,40,마약 투약 혐의 이선균 입건…유흥업소 여종업원 구속
2023.10.23,41,"부천 고시원에도 빈대 출몰?...""민원 접수 후 확인 중"""
2023.10.23,42,"전현무, 통장잔고 7000원 남친 분통 ""중학생도 너보다 많아"" (지구별로맨..."
2023.10.23,43,[여기는 원주] 2024강원동계청소년올림픽 “매서운 추위 막아라”
2023.10.23,44,"'빈대 공포' 이번엔 부천 고시원에서…""60도 이상에서 죽어"""
2023.10.23,45,피날 때 까지 '벅벅' 공포…생애 첫 유럽여행 망설인 이유 [이슈+]
2023.10.23,46,“고시원에서 물렸어요”…‘빈대 전국 유행’ 공포 현실화되나
2023.10.23,47,2024강원동계청소년올림픽 “매서운 추위 막아라”
2023.10.23,48,[최경락 꼬투리] 인간 '빈대 천국'
2023.10.23,49,"2024 강원동계청소년올림픽, “매서운 추위 막아라”"
2023.10.23,50,[횡설수설/이정은]빈대 ‘40년 만의 습격’… 佛·英 이어 한국도
2023.10.24,1,'빈대' 피해신고 잇따라‥이번엔 부천 고시원 '발칵'
2023.10.24,2,‘빈대 비상’ 침입을 차단하는 7가지 방법
2023.10.24,3,"홈케어마스터, 광주도시관리공사 체육시설 8개소 소독방역 서비스 제공"
2023.10.24,4,침대 매트리스 들췄더니 “악!”…물린 시민들 ‘병원행’ [잇슈 키워드...
2023.10.24,5,"2024강원동계청소년올림픽, “매서운 추위 막아라”"
2023.10.24,6,“21세기에 빈대가 웬 말?…전국 곳곳서 출몰 신고 잇따라
2023.10.24,7,"인천, 대구 이어 부천 고시원서도 빈대 출몰?…부천시 ""고시원은 사적으..."
2023.10.24,8,전국 빈대 창궐 현실화?…“찬물로 씻어라” 부천 고시원 안일한 대응 ...
2023.10.24,9,"하마스, 이스라엘 여성 인질 2명 추가 석방 外 [오늘의 주요뉴스]"
2023.10.24,10,빈대 전성시대? 국내서 어디까지 출몰했나
2023.10.24,11,‘환절기 벌레의 습격’ 빈대에 송충이 닮은 벌레까지…원인은 ‘이상...
2023.10.24,12,"빈대가 점령한 영국은 지금...""치료제가 부족하다!"""
2023.10.24,13,"방역수사대, 빈대해결 위한 빈대박멸 서비스 강화"
2023.10.24,14,콘센트에도 사는 빈대…새벽에 집단 공격
2023.10.24,15,"해충방제 전문기업 '방역수사대', 빈대박멸 서비스 전문화 진행"
2023.10.24,16,[오뉴스 출연] 전국 곳곳 '빈대' 출몰 (양영철 을지대 보건환경안전학과...
2023.10.24,17,사우나 이어 기숙사에서도…한국에 ‘빈대 팬데믹’ 올까
2023.10.24,18,[크랩] 소문만 무성한 빈대…방역 전문가에게 팩트체크 해 봄!
2023.10.24,19,[오늘의 운세] 2023년 10월 25일 수요일
2023.10.24,20,"""빈대 보면 연락달라"" 어느 곤충 연구자의 다급한 SOS, 왜"
2023.10.24,21,코로나 물러가니 빈대가 기승?···유럽 내성 빈대 출몰 비상
2023.10.24,22,물 건너온 슈퍼 빈대…“국제택배 조심”
2023.10.24,23,빈대
2023.10.24,24,[신동욱 앵커의 시선] 요즘 빈대
2023.10.25,1,[도청도설] 빈대 포비아
2023.10.25,2,모기에 물린 줄 알았는데… 흡혈 해충 ‘빈대’가 나타났다
2023.10.25,3,[리빙톡] 빈대가 뭐길래…프랑스도 한국도 '비상'
2023.10.25,4,10월 25일 '뉴스 퍼레이드' 오프닝
2023.10.25,5,[이슈분석] 전국 곳곳에 빈대 출몰 비상
2023.10.25,6,"이정진 ""여러명과 국제연애 경험 있어"" 다국적 연애史 화끈 고백"
2023.10.25,7,"이정진 “국제 연애 경험 많다, 항상 열려있어” (지구별 로맨스)"
2023.10.25,8,이정진 “국제연애 경험 있어..여러 명” 다국적 연애사 화끈 고백(‘지...
2023.10.25,9,"이정진, 과거 오픈…“국제 연애 경험, 여러 명” (지구별 로맨스)"
2023.10.25,10,"이정진 ""국제 연애 경험 多, 난 항상 열려 있어""[지구별 로맨스]"
2023.10.25,11,가렵고 쓰라리고…곳곳 출몰 '빈대' 막으려면
2023.10.25,12,"'지구별 로맨스' 이정진 ""다국적 연애 有"" 화끈 고백"
2023.10.25,13,[이덕환의 과학세상] 도무지 반갑지 않은 빈대의 귀환
2023.10.25,14,"이정진 ""한국 남자 데이트비 안 낸다고? 일반화 하면 안돼"" ('지구별로맨..."
2023.10.25,15,"'흡혈해충' 빈대의 대습격, 전문가 ""굶고도 100일 생존, 알에서 깬 순간..."
2023.10.25,16,이정진 “여러명과 국제연애 경험 있어” 다국적 연애사 화끈 고백
2023.10.25,17,"'흡혈해충' 빈대의 대습격, 전문가 ""굶고도 100일 생존, 알에서 깬 순간..."
2023.10.25,18,[오늘의 운세] 2023년 10월 26일 목요일
2023.10.25,19,"""안전지대 없다"" 한국 습격한 '빈대'에 대응하는 법"
2023.10.25,20,연일 매트리스 위생 논란…주목 받는 '케어 서비스'
2023.10.25,21,수도권 습격한 '빈대'… 광주·전남은?
2023.10.25,22,40년만에 출몰한 빈대... 모기보다 7~10배 많이 흡혈
2023.10.26,1,없어진 줄 알았더니…한국도 '빈대 안전지대' 아니야
2023.10.26,2,"Q. 빈대, 흰개미, 불개미…기후위기로 ‘외래침입종 역습’하나요?"
2023.10.26,3,"[토마토레터 제283호] 프랑스 괴롭힌 '빈대', 한국에도 출몰한 이유는?"
2023.10.26,4,"[조간브리핑]플라잉 택시 상용화 코앞···美 ""2025년 출시 목표"""
2023.10.26,5,"추경호 ""R&D예산 비효율 정비…AI·반도체 등 대폭 늘렸다"""
2023.10.26,6,빈대에 송충이 닮은 벌레까지...원인은 이상기후
2023.10.26,7,교내 식당이 변기보다 6만배 더럽다…심각한 美 대학 위생
2023.10.26,8,“잊고 살았는데”…살충제도 소용없는 강력한 ‘빈대의 귀환’
2023.10.26,9,"선경트레이딩,천연물질 이용한 아토피 치료제 특허 획득… FDA OTC 등록"
2023.10.26,10,"(약수터) 베드버그, 빈대의 재등장"
2023.10.26,11,[전남일보]서석대> 빈대의 출몰
2023.10.26,12,"""우수 R&D 10개중 9개 예산 삭감한 게 거품 걷긴가? """
2023.10.26,13,빈대의 귀환[동물학 개론/한태만]
2023.10.27,1,[오늘의 운세] 2023년 10월 27일 금요일
2023.10.27,2,빈대도 멀미도 걱정 없어… 고전 80권으로 세계 일주[그 책속 이미지]
2023.10.27,3,"""빈대 최고 서식지는 '따뜻한 침실', 전국 확산 시간문제"""
2023.10.27,4,"전현무, 혼전순결론자 등장에 대책 제안 “손잡고 자면 되잖아” (지구..."
2023.10.27,5,"""빈대 최고 서식지는 '따뜻한 침실', 전국 확산 시간문제"""
2023.10.27,6,"을지대학교, 빈대의 전국 확산은 시간문제"
2023.10.27,7,"선경트레이딩, 천연물질 이용한 아토피 치료제 특허 획득하며 FDA OTC 등..."
2023.10.27,8,"전현무, “여행서 각방” 혼전순결론자 고백에 “남친과 손잡고 자면 되..."
2023.10.27,9,<특별기고> 일두(一蠹) 아호와 일두문화상
2023.10.27,10,"전현무, 혼전순결론자에 깜짝 “각방? 손만 잡고 자면 되잖아”(지구별..."
2023.10.27,11,[카드뉴스] 모기 아니에요! 빈대 발견한다면 즉시 보건소 신고하세요!
2023.10.27,12,"[김태열의 생생건강S펜] ""해외유입 베드버그(빈대), 국내확산 시간문제..."
2023.10.27,13,"프랑스서 왔나?…""굶어도 100일 사는 빈대, 전국확산 시간문제"""
2023.10.27,14,[송기원 칼럼] 벌레·외래종 습격의 이면
2023.10.27,15,"""빈대 최고 서식지는 '따뜻한 침실'…전국 확산 시간문제"""
2023.10.27,16,'빈대 전국 확산 시간 문제'…을지대·을지대병원 전문가 의견은?
2023.10.27,17,“빈대 최고 서식지는 ‘따뜻한 침실’ 확산 시간문제”
2023.10.27,18,"확산 위험 '빈대', 가정용 살충제론 못 잡아…""70도 이상 물로 세탁해야..."
2023.10.27,19,"'라디오쇼' 박명수, 남현희 사건에 탄식..""모르는 사람 호의=100% 사기""[..."
2023.10.27,20,"""빈대 최고 서식지는 따뜻한 침실"""
2023.10.27,21,"빈대 최고 서식지는 따뜻한 침실, 전국 확산은 시간문제?"
2023.10.27,22,따뜻한 침실 출몰하는 빈대…“전국 확산 시간문제”
2023.10.27,23,"피 안 빨고도 150일 사는 지독한 빈대…""최고 서식지는 '따뜻한 침실'"""
2023.10.27,24,빈대 전국 확산 시간 문제… 집에서 ‘이곳’ 가장 주의해야
2023.10.27,25,빈대 출몰 주의보! 물렸을 때 증상과 대처방법 알아두세요
2023.10.27,26,'빈대' 가을·겨울 더 위험한 이유
2023.10.27,27,"""영국 가서 지하철 탈 때 조심하세요""...런던 지하철의 베드버그 상황 ..."
2023.10.27,28,"""'빈대'만 문제 아니다"" 가을 '진드기' 평년보다 2배 증가"
2023.10.28,1,'흡혈' 없이도 70일이상 사는 빈대…최고 서식지는 '이곳'
2023.10.28,2,"살충제로도 못 잡는 '빈대'... 국내 상륙, 박멸하려면?"
2023.10.28,3,"'지구별 로맨스' 이정진, '빈대남친' 윤세일에 ""남자로서 믿음 필요"""
2023.10.28,4,‘흡혈’ 없이도 150일까지 사는 빈대…최고 서식지는 ‘침대’
2023.10.28,5,"""빈대 최고 서식지는 '따뜻한 침실'···전국 확산 시간문제"""
2023.10.28,6,‘빈대 출몰’ 비상… 빈대 박멸하려면 어떻게
2023.10.29,1,"60년 전 유입된 나방, 40년 전 사라졌던 빈대도 돌아왔다"
2023.10.29,2,"“빈대 최고 서식지는 ‘따뜻한 침실’, 전국 확산 시간문제”"
2023.10.29,3,따뜻한 실내 … 빈대 서식 최적지
2023.10.29,4,"""빈대 최고 서식지는 '따뜻한 침실' … 전국 확산 시간문제"""
2023.10.29,5,"[미리보는 이데일리 신문]""플랫폼 사전규제 땐 토종기업만 역차별"""
2023.10.30,1,[오늘의 QT] 목표에 집중하라
2023.10.30,2,"“공포의 빈대, 전국 확산은 시간 문제”… 가정용 살충제에도 잘 죽지..."
2023.10.30,3,"“빈대 최고 서식지는 ‘따뜻한 침실’, 전국 확산 시간문제”"
2023.10.30,4,[크랩] 소문만 무성한 빈대…방역 전문가에게 팩트체크 해 봄!
2023.10.30,5,[이윤석의 19세기 미시사 탐구(9)] '춘향전' 통해 그려보는 19세기 조선...
2023.10.30,6,"지면용|건강 박스1|“빈대 최고 서식지는 ‘따뜻한 침실’, 전국 확산 시..."
2023.10.30,7,빈대 최고 서식지는 바로 '이곳'... 전문가들 “전국 확산은 시간문제”...
2023.10.30,8,100일 넘게 굶고도 생존하는 실내 서식성 곤충은 □□
2023.10.30,9,“동성 성행위한 군인 처벌은 합헌”…‘군 붕괴’라는 헌재의 악몽
2023.10.30,10,[조법종 교수의 전라도 이야기] (16) 포크가 만난 조선의 여인 –전주기...
2023.10.30,11,빈대가 돌아왔다? 해충 출몰 늘어난 이유 [영상]
2023.10.30,12,때아닌 빈대 주의보… 최고 서식지는 바로 '이곳'
2023.10.30,13,[유럽스타트업열전] 프랑스발 '빈대 소동'에 해충 퇴치 스타트업 뜬다
2023.10.30,14,흡혈 없이도 100일 이상 사는 빈대...전국 확산 시간문제 '빈대 주의보'
2023.10.30,15,"[인천일보 경기본사 시민편집위] 사회문제 경종 보도 높이 평가…""현장..."
2023.10.30,16,[단독]서울 절반이 ‘빈대’에 뚫렸다
2023.10.30,17,[현장 카메라]전국이 빈대와의 전쟁…방역업체 “매일 2~3건”
2023.10.30,18,도심공원 장악한 송충이 닮은 벌레…약도 못 쓰는데 발만 '동동'
2023.10.30,19,해충의 습격
2023.10.30,20,"한국, 빈대 안전지대 아니다…곳곳서 신고 잇따라"
2023.10.30,21,서울도 뚫렸다…빈대 출몰에 13개구서 방역 작업 실시
2023.10.30,22,전북경찰 물리력 행사 증가…시민 반응 엇갈려
2023.10.31,1,한국에도 '빈대' 출몰 주의보..피해 예방법은?
2023.10.31,2,[과학세상] 빈대의 귀환
2023.10.31,3,빈대 서울까지 진출 '비상'…고시원·가정집 등 곳곳서 출몰
2023.10.31,4,"""고시원에 빈대"" 갔더니 이미 방 4곳서 우글우글…서울도 뚫렸다"
2023.10.31,5,굶고도 100일 생존하며 피 빨아…‘빈대’ 서울까지 침투했다
2023.10.31,6,서울 절반 '빈대'에 뚫렸다...인천·대구 이어 비상
2023.10.31,7,서울 절반 ‘빈대’에 뚫렸다…고시원·가정집 등에 우글우글
2023.10.31,8,굶고도 100일 생존하며 피 빨아…서울 절반 '빈대'에 뚫렸다
2023.10.31,9,빈대 안전지역은 없다? 서울 13개 구에서도 '빈대 방역'
2023.10.31,10,서울도 뚫렸다…빈대 서울 출몰 “서울시내 13개구에서 방역 작업”
2023.10.31,11,"빈대, 서울도 절반 뚫었다…100일 굶어도 안 죽어"
2023.10.31,12,인천·대구 이어 서울도 '빈대' 뚫렸다…자치구 절반 이상서 방역 작업
2023.10.31,13,"""가려움증 완화는..!"" 서울까지 치고 올라온 빈대! 현직 피부과 의사가..."
2023.10.31,14,"[특징주] 동성제약, 서울 절반 ‘빈대’ 확산소식에…빈대 박멸 살충제..."
2023.10.31,15,[특징주]빈대 전국 확산 우려에 경남제약 ‘강세’
2023.10.31,16,"'유럽 여행의 공포' 빈대, 이젠 서울도 안전하지 않다…무슨 일?"
2023.10.31,17,전국 빈대 확산 우려에 경남제약 주가 '들썩'
2023.10.31,18,굶고도 100일 생존 ‘빈대’…서울까지 침투했다는데 대응법은?
2023.10.31,19,"경남제약, 빈대 전국 확산은 시간 문제…기피제 수혜 기대감 '급등'"
2023.10.31,20,영등포 고시원 이불에도 '빈대'…서울도 자치구 절반이 뚫렸다
2023.10.31,21,"[주가동향] 빈대 전국 확산 우려에...경남제약, 기피제 수혜 기대감 '강..."
2023.10.31,22,이제 한국도 청정국 아닌가...서울까지 '빈대 습격' [지금이뉴스]
2023.10.31,23,“빈대 출현 시 이렇게 대응하세요”
2023.10.31,24,"경남제약 주가 빈대 전국 확산 소식에 급등, 해충 기피제 수혜 기대 매..."
2023.10.31,25,"'가려워서 벅벅' 혹시 집에 빈대가? ""침구 잘 살펴보세요"""
2023.10.31,26,"빈대 전문 퇴치제 나노킬, 브랜드스토어 입점"
2023.10.31,27,"질병관리청, 빈대 방제·예방 앞장…내달부터 수입기업 관리"
2023.10.31,28,"[오늘의 상승주] 서울 '빈대 확산' 동성제약 상승세…아모레퍼시픽, 코..."
2023.10.31,29,모기처럼 군데군데 원형 자국이…'빈대' 물렸을 때 대응법
2023.10.31,30,"[이 특징주 버핏이라면] 경남제약, 빈대·모기 기피제에 29%대 폭등세…..."
2023.10.31,31,"전국 곳곳 '빈대 비상'…질병청 ""관리·방제 이렇게 하세요"""
2023.10.31,32,'전국 빈대 주의보' 경남제약 주가 26%대 강세
2023.10.31,33,"정부, 빈대 점검 관리 강화…내달 공항서 예방수칙 안내"
2023.10.31,34,"공동·숙박시설서 빈대 출현…""위생해충 유입 차단 검역소 구제 업무 강..."
2023.10.31,35,‘바선생’보다 지독한 빈대···우리집도 뚫렸다면 어떻게 해야 하죠...
2023.10.31,36,"빈대 습격에 서울도 '비상'… ""살충제 뿌리고 마르면 환기하라"""
2023.10.31,37,'빈대' 잡기 위해 보건 관계부처 회의 열었다... 확산방지 논의
2023.10.31,38,"전국서 빈대 속출…""여행용품·숙박시설 소독 철저히 해야"""
2023.10.31,39,전국 곳곳 '빈대' 속출에 방역강화…서울은 절반이 뚫렸다
2023.10.31,40,전국서 속출하자 '공포' 확산…'빈대 대처법' 알아보니
2023.10.31,41,"경남제약 주가, 어깨춤이 절로... 상한가 가려나"
2023.10.31,42,“빈대 나왔다” 빗발치는 신고에…질병청 “방제 강화”
2023.10.31,43,빈대 출몰 불안감에 보건당국 확산방지 나서
2023.10.31,44,"""자고 일어나니 가렵고 따가워요""…英·佛 따라 급증하는 '빈대 피해사..."
2023.10.31,45,"""침대·가구 틈 '빈대' 주의…영국·프랑스 방문 후 여행용품 소독할 것..."
2023.10.31,46,"서울까지 침투한 빈대…시민들 ""요즘 시대에 빈대라니"""
2023.10.31,47,"빈대 잇따라 발견…""여행용품·숙박시설 소독 철저히 해야"""
2023.10.31,48,"대구 인천, 부천에 이어 서울까지 '빈대' 상륙했다"
2023.10.31,49,[티조 Clip] 결국 서울마저 뚫렸다
2023.10.31,50,때 아닌 '빈대주의보'…침대 매트리스·소파 틈새 노린다
2023.10.31,51,"속출하는 빈대...물리면 이렇게 된다, 대처 방안은"
2023.10.31,52,[새문안通] PF 시한폭탄
2023.10.31,53,[연합뉴스 이 시각 헤드라인] - 14:30
2023.10.31,54,"전국서 빈대 속출…""여행용품·숙박시설 소독 철저히 해야"""
2023.10.31,55,"""공급대란 올까 걱정""…빈대 확산에 '두둥실' 떠오르는 종목"
2023.10.31,56,"때아닌 '빈대와의 전쟁'…""여행용품·숙박시설 소독 철저히"""
2023.10.31,57,"정부, 빈대 검역 강화…빈대 발생국 출입국자 등에 예방수칙 안내"
2023.10.31,58,서울서 빈대 확산 중… 매트리스에 '이 흔적' 있으면 의심
2023.10.31,59,"""물리적·화학적 방제 함께하고 다시 살펴야""…'빈대 주의보'"
2023.10.31,60,"[특징주] 경남제약, 전국 빈대 확산에 급등"
2023.10.31,61,잇딴 '빈대' 출몰에 정부도 '화들짝'...빈대 퇴치 방법은?
2023.10.31,62,"기숙사, 사우나 등 빈대 속출에 정부 방제 방안 마련"
2023.10.31,63,전국서 빈대 속출… 우리집도 뚫렸다면
2023.10.31,64,보건당국 “전국서 빈대 속출…여행용품·숙박시설 철저히 소독”
2023.10.31,65,"전국서 빈대 속출…""여행용품·숙박시설 소독 철저히 해야"""
2023.10.31,66,"일렬로 물린 자국, 혹시 빈대…? 침대·가구 틈새 살펴보세요"
2023.10.31,67,전국 빗발치는 '빈대' 신고…물리면 '이렇게' 됩니다
2023.10.31,68,서울 곳곳에 빈대가! 대처법은?
2023.10.31,69,모기 물린 자국과 비슷…'I am 빈대에요'
2023.10.31,70,집 나갔던 ‘빈대’의 귀환…예방·퇴치 어떻게 하나요 [이슈크래커]
2023.10.31,71,"'3연상' 위니아, '화물 매각 지연에도' 아시아나IDT, '빈대 잡는' 경남제..."
2023.10.31,72,"엄습한 빈대 공포... 질병청 ""발견 시 물리·화학적 방제 동시에"""
2023.10.31,73,"[특징주] 경남제약, 전국 빈대 확산 우려에 '상한가' 마감"
2023.10.31,74,[오늘의 상한가]코아스·워트·경남제약·위니아·아시아나IDT... 상한가...
2023.10.31,75,"전국 곳곳 빈대 속출...""여행용품·숙박시설 소독 철저히 해야"""
2023.10.31,76,"[31일 특징주] 아모레퍼시픽, 코스알엑스 인수 소식에 '급등'…경남제약..."
2023.10.31,77,"[급등락주 짚어보기] 경남제약, 빈대 확산에 ‘상한가’…영풍제지 4거..."
2023.10.31,78,[1분건강] 방심하면 우리 집에 빈대 옮겨 붙을지도
2023.10.31,79,서울 곳곳서 빈대 발견...고시원·가정집에 '득실'
2023.10.31,80,與 '김포 서울 편입' 특별법 추진...행정구역 개편 준비 外 [오늘의 주요...
2023.10.31,81,"""지하철 자리 있어도 서서 간다""…'빈대 공포'에 전국이 떤다"
2023.10.31,82,"질병청, ""집에서 빈대 보이면, 물리적 방제와 화학적 장제 병행해야"""
2023.10.31,83,"전국 곳곳서 빈대 속출‥""오염지 소독한 뒤 2주간 지켜봐야"""
2023.10.31,84,전국 각지서 속출하는 '빈대'…서식 확인·방제 어떻게?
2023.10.31,85,찜질방·기숙사 이어 서울에도 '빈대' 출몰… 해결책은?
2023.10.31,86,"전국서 빈대 속출…정부, 검역 강화 당부"
2023.10.31,87,[10/31 데일리안 퇴근길뉴스] 시들해진 한동훈 탄핵?…민주당 내 회의론...
2023.10.31,88,"전국 곳곳서 빈대 확산조짐, 예방·치료법 주목...관련주도 들썩"
2023.10.31,89,"정부, 국내 빈대 속출에 관리 강화 당부"
2023.10.31,90,용산 대통령실 앞 70대 흉기 난동…경찰 2명 부상
2023.10.31,91,빈대 확산에 해충 퇴치제 인기…경남제약 上·동성제약 7%↑
2023.10.31,92,쉿! 빈대 출몰… 서울시는 골머리
2023.10.31,93,바퀴벌레 줄었다는데 아쉬워할 줄이야…'빈대' 유럽처럼 퍼지나 [5키]
2023.10.31,94,고시원·찜질방 등 전국서 ‘빈대주의보’… 대처법은?
2023.10.31,95,"""으악 이게 뭐야!"" 전국에 `빈대` 공포…예방·대응법은?"
2023.10.31,96,"""빈대! 매트리스·쇼파·침구류 등 틈새 살펴봐야"""
2023.10.31,97,"R&D 예산 삭감 ""빈대 잡으려다 초가삼간 태워""‥""고용불안은 보완"""
2023.10.31,98,전국 빈대 주의보…청주시는 안 뚫렸다
2023.10.31,99,"빈대가 가른 주가, 동성제약ㆍ경남제약 화제"
2023.10.31,100,"나는 일하고, 연애도 하는 노숙인입니다"
2023.10.31,101,빈대 '대공습'에 서울 절반이 뚫려…발견했다면 '이렇게' 제거하세요
2023.10.31,102,전국 곳곳에 침투한 빈대…예방·퇴치 방법은?
2023.10.31,103,[큐레이터 W] “특별법 추진”…“갈등 부추겨” 외
